<?xml version="1.0"?>
<!DOCTYPE pathway SYSTEM "http://www.kegg.jp/kegg/xml/KGML_v0.7.1_.dtd">
<!-- Creation date: Aug 13, 2015 17:33:47 +0900 (GMT+9) -->
<pathway name="path:hsa03440" org="hsa" number="03440"
         title="Homologous recombination"
         image="http://www.kegg.jp/kegg/pathway/hsa/hsa03440.png"
         link="http://www.kegg.jp/kegg-bin/show_pathway?hsa03440">
    <entry id="1" name="hsa:7156 hsa:8940" type="gene"
        link="http://www.kegg.jp/dbget-bin/www_bget?hsa:7156+hsa:8940">
        <graphics name="TOP3A, TOP3, ZGRF7..." fgcolor="#000000" bgcolor="#BFFFBF"
             type="rectangle" x="636" y="756" width="46" height="17"/>
    </entry>
    <entry id="2" name="hsa:641" type="gene"
        link="http://www.kegg.jp/dbget-bin/www_bget?hsa:641">
        <graphics name="BLM, BS, RECQ2, RECQL2, RECQL3" fgcolor="#000000" bgcolor="#BFFFBF"
             type="rectangle" x="905" y="885" width="46" height="17"/>
    </entry>
    <entry id="3" name="hsa:7979" type="gene"
        link="http://www.kegg.jp/dbget-bin/www_bget?hsa:7979">
        <graphics name="SHFM1, DSS1, ECD, SEM1, SHFD1, SHSF1, Shfdg1" fgcolor="#000000" bgcolor="#BFFFBF"
             type="rectangle" x="1082" y="347" width="46" height="17"/>
    </entry>
    <entry id="4" name="hsa:5893" type="gene"
        link="http://www.kegg.jp/dbget-bin/www_bget?hsa:5893">
        <graphics name="RAD52" fgcolor="#000000" bgcolor="#BFFFBF"
             type="rectangle" x="1015" y="373" width="46" height="17"/>
    </entry>
    <entry id="5" name="hsa:4361" type="gene"
        link="http://www.kegg.jp/dbget-bin/www_bget?hsa:4361">
        <graphics name="MRE11A, ATLD, HNGS1, MRE11, MRE11B" fgcolor="#000000" bgcolor="#BFFFBF"
             type="rectangle" x="998" y="211" width="46" height="17"/>
    </entry>
    <entry id="6" name="hsa:10111" type="gene"
        link="http://www.kegg.jp/dbget-bin/www_bget?hsa:10111">
        <graphics name="RAD50, NBSLD, RAD502, hRad50" fgcolor="#000000" bgcolor="#BFFFBF"
             type="rectangle" x="998" y="194" width="46" height="17"/>
    </entry>
    <entry id="7" name="hsa:7517" type="gene"
        link="http://www.kegg.jp/dbget-bin/www_bget?hsa:7517">
        <graphics name="XRCC3, CMM6" fgcolor="#000000" bgcolor="#BFFFBF"
             type="rectangle" x="646" y="358" width="46" height="17"/>
    </entry>
    <entry id="8" name="hsa:5889" type="gene"
        link="http://www.kegg.jp/dbget-bin/www_bget?hsa:5889">
        <graphics name="RAD51C, BROVCA3, FANCO, R51H3, RAD51L2" fgcolor="#000000" bgcolor="#BFFFBF"
             type="rectangle" x="646" y="375" width="46" height="17"/>
    </entry>
    <entry id="9" name="hsa:7516" type="gene"
        link="http://www.kegg.jp/dbget-bin/www_bget?hsa:7516">
        <graphics name="XRCC2" fgcolor="#000000" bgcolor="#BFFFBF"
             type="rectangle" x="747" y="392" width="46" height="17"/>
    </entry>
    <entry id="10" name="hsa:7516" type="gene"
        link="http://www.kegg.jp/dbget-bin/www_bget?hsa:7516">
        <graphics name="XRCC2" fgcolor="#000000" bgcolor="#BFFFBF"
             type="rectangle" x="593" y="375" width="46" height="17"/>
    </entry>
    <entry id="11" name="hsa:5892" type="gene"
        link="http://www.kegg.jp/dbget-bin/www_bget?hsa:5892">
        <graphics name="RAD51D, BROVCA4, R51H3, RAD51L3, TRAD" fgcolor="#000000" bgcolor="#BFFFBF"
             type="rectangle" x="747" y="375" width="46" height="17"/>
    </entry>
    <entry id="12" name="hsa:5892" type="gene"
        link="http://www.kegg.jp/dbget-bin/www_bget?hsa:5892">
        <graphics name="RAD51D, BROVCA4, R51H3, RAD51L3, TRAD" fgcolor="#000000" bgcolor="#BFFFBF"
             type="rectangle" x="593" y="358" width="46" height="17"/>
    </entry>
    <entry id="13" name="hsa:5889" type="gene"
        link="http://www.kegg.jp/dbget-bin/www_bget?hsa:5889">
        <graphics name="RAD51C, BROVCA3, FANCO, R51H3, RAD51L2" fgcolor="#000000" bgcolor="#BFFFBF"
             type="rectangle" x="701" y="375" width="46" height="17"/>
    </entry>
    <entry id="14" name="hsa:5890" type="gene"
        link="http://www.kegg.jp/dbget-bin/www_bget?hsa:5890">
        <graphics name="RAD51B, R51H2, RAD51L1, REC2" fgcolor="#000000" bgcolor="#BFFFBF"
             type="rectangle" x="701" y="358" width="46" height="17"/>
    </entry>
    <entry id="15" name="hsa:5889" type="gene"
        link="http://www.kegg.jp/dbget-bin/www_bget?hsa:5889">
        <graphics name="RAD51C, BROVCA3, FANCO, R51H3, RAD51L2" fgcolor="#000000" bgcolor="#BFFFBF"
             type="rectangle" x="593" y="326" width="46" height="17"/>
    </entry>
    <entry id="16" name="ko:K02317" type="ortholog"
        link="http://www.kegg.jp/dbget-bin/www_bget?K02317">
        <graphics name="K02317" fgcolor="#000000" bgcolor="#FFFFFF"
             type="rectangle" x="469" y="822" width="46" height="17"/>
    </entry>
    <entry id="17" name="ko:K02686" type="ortholog"
        link="http://www.kegg.jp/dbget-bin/www_bget?K02686">
        <graphics name="K02686" fgcolor="#000000" bgcolor="#FFFFFF"
             type="rectangle" x="423" y="822" width="46" height="17"/>
    </entry>
    <entry id="18" name="ko:K04067" type="ortholog"
        link="http://www.kegg.jp/dbget-bin/www_bget?K04067">
        <graphics name="K04067" fgcolor="#000000" bgcolor="#FFFFFF"
             type="rectangle" x="469" y="805" width="46" height="17"/>
    </entry>
    <entry id="19" name="ko:K03581" type="ortholog"
        link="http://www.kegg.jp/dbget-bin/www_bget?K03581">
        <graphics name="K03581" fgcolor="#000000" bgcolor="#FFFFFF"
             type="rectangle" x="423" y="229" width="46" height="17"/>
    </entry>
    <entry id="20" name="ko:K03655" type="ortholog"
        link="http://www.kegg.jp/dbget-bin/www_bget?K03655">
        <graphics name="K03655" fgcolor="#000000" bgcolor="#FFFFFF"
             type="rectangle" x="474" y="651" width="46" height="17"/>
    </entry>
    <entry id="21" name="ko:K03655" type="ortholog"
        link="http://www.kegg.jp/dbget-bin/www_bget?K03655">
        <graphics name="K03655" fgcolor="#000000" bgcolor="#FFFFFF"
             type="rectangle" x="253" y="651" width="46" height="17"/>
    </entry>
    <entry id="22" name="ko:K01159" type="ortholog"
        link="http://www.kegg.jp/dbget-bin/www_bget?K01159">
        <graphics name="K01159" fgcolor="#000000" bgcolor="#FFFFFF"
             type="rectangle" x="423" y="668" width="46" height="17"/>
    </entry>
    <entry id="23" name="ko:K01159" type="ortholog"
        link="http://www.kegg.jp/dbget-bin/www_bget?K01159">
        <graphics name="K01159" fgcolor="#000000" bgcolor="#FFFFFF"
             type="rectangle" x="203" y="668" width="46" height="17"/>
    </entry>
    <entry id="24" name="ko:K03551" type="ortholog"
        link="http://www.kegg.jp/dbget-bin/www_bget?K03551">
        <graphics name="K03551" fgcolor="#000000" bgcolor="#FFFFFF"
             type="rectangle" x="423" y="651" width="46" height="17"/>
    </entry>
    <entry id="25" name="ko:K03551" type="ortholog"
        link="http://www.kegg.jp/dbget-bin/www_bget?K03551">
        <graphics name="K03551" fgcolor="#000000" bgcolor="#FFFFFF"
             type="rectangle" x="203" y="651" width="46" height="17"/>
    </entry>
    <entry id="26" name="ko:K03550" type="ortholog"
        link="http://www.kegg.jp/dbget-bin/www_bget?K03550">
        <graphics name="K03550" fgcolor="#000000" bgcolor="#FFFFFF"
             type="rectangle" x="423" y="634" width="46" height="17"/>
    </entry>
    <entry id="27" name="ko:K03553" type="ortholog"
        link="http://www.kegg.jp/dbget-bin/www_bget?K03553">
        <graphics name="K03553" fgcolor="#000000" bgcolor="#FFFFFF"
             type="rectangle" x="423" y="330" width="46" height="17"/>
    </entry>
    <entry id="28" name="ko:K04066" type="ortholog"
        link="http://www.kegg.jp/dbget-bin/www_bget?K04066">
        <graphics name="K04066" fgcolor="#000000" bgcolor="#FFFFFF"
             type="rectangle" x="423" y="805" width="46" height="17"/>
    </entry>
    <entry id="29" name="ko:K02335" type="ortholog"
        link="http://www.kegg.jp/dbget-bin/www_bget?K02335">
        <graphics name="K02335" fgcolor="#000000" bgcolor="#FFFFFF"
             type="rectangle" x="203" y="493" width="46" height="17"/>
    </entry>
    <entry id="30" name="ko:K10958" type="ortholog"
        link="http://www.kegg.jp/dbget-bin/www_bget?K10958">
        <graphics name="K10958" fgcolor="#000000" bgcolor="#FFFFFF"
             type="rectangle" x="917" y="347" width="46" height="17"/>
    </entry>
    <entry id="31" name="hsa:80198" type="gene"
        link="http://www.kegg.jp/dbget-bin/www_bget?hsa:80198">
        <graphics name="MUS81, SLX3" fgcolor="#000000" bgcolor="#BFFFBF"
             type="rectangle" x="688" y="739" width="46" height="17"/>
    </entry>
    <entry id="32" name="ko:K03553" type="ortholog"
        link="http://www.kegg.jp/dbget-bin/www_bget?K03553">
        <graphics name="K03553" fgcolor="#000000" bgcolor="#FFFFFF"
             type="rectangle" x="253" y="330" width="46" height="17"/>
    </entry>
    <entry id="33" name="ko:K06187" type="ortholog"
        link="http://www.kegg.jp/dbget-bin/www_bget?K06187">
        <graphics name="K06187" fgcolor="#000000" bgcolor="#FFFFFF"
             type="rectangle" x="203" y="364" width="46" height="17"/>
    </entry>
    <entry id="34" name="path:hsa03440" type="map"
        link="http://www.kegg.jp/dbget-bin/www_bget?hsa03440">
        <graphics name="TITLE:Homologous recombination" fgcolor="#000000" bgcolor="#FFFFFF"
             type="roundrectangle" x="160" y="58" width="239" height="25"/>
    </entry>
    <entry id="35" name="hsa:4361" type="gene"
        link="http://www.kegg.jp/dbget-bin/www_bget?hsa:4361">
        <graphics name="MRE11A, ATLD, HNGS1, MRE11, MRE11B" fgcolor="#000000" bgcolor="#BFFFBF"
             type="rectangle" x="902" y="211" width="46" height="17"/>
    </entry>
    <entry id="36" name="hsa:10111" type="gene"
        link="http://www.kegg.jp/dbget-bin/www_bget?hsa:10111">
        <graphics name="RAD50, NBSLD, RAD502, hRad50" fgcolor="#000000" bgcolor="#BFFFBF"
             type="rectangle" x="902" y="194" width="46" height="17"/>
    </entry>
    <entry id="37" name="hsa:5890" type="gene"
        link="http://www.kegg.jp/dbget-bin/www_bget?hsa:5890">
        <graphics name="RAD51B, R51H2, RAD51L1, REC2" fgcolor="#000000" bgcolor="#BFFFBF"
             type="rectangle" x="593" y="309" width="46" height="17"/>
    </entry>
    <entry id="38" name="hsa:4683" type="gene"
        link="http://www.kegg.jp/dbget-bin/www_bget?hsa:4683">
        <graphics name="NBN, AT-V1, AT-V2, ATV, NBS, NBS1, P95" fgcolor="#000000" bgcolor="#BFFFBF"
             type="rectangle" x="998" y="228" width="46" height="17"/>
    </entry>
    <entry id="39" name="hsa:29935 hsa:6117 hsa:6118 hsa:6119" type="gene"
        link="http://www.kegg.jp/dbget-bin/www_bget?hsa:29935+hsa:6117+hsa:6118+hsa:6119">
        <graphics name="RPA4, HSU24186..." fgcolor="#000000" bgcolor="#BFFFBF"
             type="rectangle" x="1015" y="330" width="46" height="17"/>
    </entry>
    <entry id="40" name="hsa:5888" type="gene"
        link="http://www.kegg.jp/dbget-bin/www_bget?hsa:5888">
        <graphics name="RAD51, BRCC5, HRAD51, HsRad51, HsT16930, MRMV2, RAD51A, RECA" fgcolor="#000000" bgcolor="#BFFFBF"
             type="rectangle" x="1015" y="351" width="46" height="17"/>
    </entry>
    <entry id="41" name="ko:K02337 ko:K03763 ko:K02342 ko:K14159 ko:K02345 ko:K02343 ko:K02341 ko:K02340 ko:K02339 ko:K02344 ko:K02338" type="ortholog"
        link="http://www.kegg.jp/dbget-bin/www_bget?K02337+K03763+K02342+K14159+K02345+K02343+K02341+K02340+K02339+K02344+K02338">
        <graphics name="K02337..." fgcolor="#000000" bgcolor="#FFFFFF"
             type="rectangle" x="423" y="493" width="46" height="17"/>
    </entry>
    <entry id="42" name="ko:K10868" type="ortholog"
        link="http://www.kegg.jp/dbget-bin/www_bget?K10868">
        <graphics name="K10868" fgcolor="#000000" bgcolor="#FFFFFF"
             type="rectangle" x="902" y="228" width="46" height="17"/>
    </entry>
    <entry id="43" name="ko:K07462" type="ortholog"
        link="http://www.kegg.jp/dbget-bin/www_bget?K07462">
        <graphics name="K07462" fgcolor="#000000" bgcolor="#FFFFFF"
             type="rectangle" x="203" y="195" width="46" height="17"/>
    </entry>
    <entry id="44" name="ko:K03629" type="ortholog"
        link="http://www.kegg.jp/dbget-bin/www_bget?K03629">
        <graphics name="K03629" fgcolor="#000000" bgcolor="#FFFFFF"
             type="rectangle" x="203" y="330" width="46" height="17"/>
    </entry>
    <entry id="45" name="ko:K03583" type="ortholog"
        link="http://www.kegg.jp/dbget-bin/www_bget?K03583">
        <graphics name="K03583" fgcolor="#000000" bgcolor="#FFFFFF"
             type="rectangle" x="423" y="212" width="46" height="17"/>
    </entry>
    <entry id="46" name="hsa:146956" type="gene"
        link="http://www.kegg.jp/dbget-bin/www_bget?hsa:146956">
        <graphics name="EME1, MMS4L, SLX2A" fgcolor="#000000" bgcolor="#BFFFBF"
             type="rectangle" x="688" y="756" width="46" height="17"/>
    </entry>
    <entry id="47" name="ko:K03582" type="ortholog"
        link="http://www.kegg.jp/dbget-bin/www_bget?K03582">
        <graphics name="K03582" fgcolor="#000000" bgcolor="#FFFFFF"
             type="rectangle" x="423" y="195" width="46" height="17"/>
    </entry>
    <entry id="48" name="hsa:675" type="gene"
        link="http://www.kegg.jp/dbget-bin/www_bget?hsa:675">
        <graphics name="BRCA2, BRCC2, BROVCA2, FACD, FAD, FAD1, FANCD, FANCD1, GLM3, PNCA2, XRCC11" fgcolor="#000000" bgcolor="#BFFFBF"
             type="rectangle" x="1082" y="330" width="46" height="17"/>
    </entry>
    <entry id="49" name="ko:K10959" type="ortholog"
        link="http://www.kegg.jp/dbget-bin/www_bget?K10959">
        <graphics name="K10959" fgcolor="#000000" bgcolor="#FFFFFF"
             type="rectangle" x="917" y="493" width="46" height="17"/>
    </entry>
    <entry id="50" name="hsa:25788 hsa:8438" type="gene"
        link="http://www.kegg.jp/dbget-bin/www_bget?hsa:25788+hsa:8438">
        <graphics name="RAD54B, RDH54..." fgcolor="#000000" bgcolor="#BFFFBF"
             type="rectangle" x="1012" y="493" width="46" height="17"/>
    </entry>
    <entry id="51" name="hsa:10714 hsa:5424 hsa:5425 hsa:57804" type="gene"
        link="http://www.kegg.jp/dbget-bin/www_bget?hsa:10714+hsa:5424+hsa:5425+hsa:57804">
        <graphics name="POLD3, P66, P68, PPP1R128..." fgcolor="#000000" bgcolor="#BFFFBF"
             type="rectangle" x="917" y="668" width="46" height="17"/>
    </entry>
    <entry id="52" name="hsa:641" type="gene"
        link="http://www.kegg.jp/dbget-bin/www_bget?hsa:641">
        <graphics name="BLM, BS, RECQ2, RECQL2, RECQL3" fgcolor="#000000" bgcolor="#BFFFBF"
             type="rectangle" x="636" y="739" width="46" height="17"/>
    </entry>
    <entry id="53" name="ko:K03550" type="ortholog"
        link="http://www.kegg.jp/dbget-bin/www_bget?K03550">
        <graphics name="K03550" fgcolor="#000000" bgcolor="#FFFFFF"
             type="rectangle" x="203" y="634" width="46" height="17"/>
    </entry>
    <entry id="54" name="ko:K10957" type="ortholog"
        link="http://www.kegg.jp/dbget-bin/www_bget?K10957">
        <graphics name="K10957" fgcolor="#000000" bgcolor="#FFFFFF"
             type="rectangle" x="917" y="330" width="46" height="17"/>
    </entry>
    <entry id="55" name="ko:K03584" type="ortholog"
        link="http://www.kegg.jp/dbget-bin/www_bget?K03584">
        <graphics name="K03584" fgcolor="#000000" bgcolor="#FFFFFF"
             type="rectangle" x="203" y="347" width="46" height="17"/>
    </entry>
    <entry id="56" name="hsa:6742" type="gene"
        link="http://www.kegg.jp/dbget-bin/www_bget?hsa:6742">
        <graphics name="SSBP1, Mt-SSB, SOSS-B1, SSBP, mtSSB" fgcolor="#000000" bgcolor="#BFFFBF"
             type="rectangle" x="253" y="195" width="46" height="17"/>
    </entry>
    <entry id="57" name="hsa:50511" type="gene"
        link="http://www.kegg.jp/dbget-bin/www_bget?hsa:50511">
        <graphics name="SYCP3, COR1, SCP3, SPGF4" fgcolor="#000000" bgcolor="#BFFFBF"
             type="rectangle" x="1154" y="330" width="46" height="17"/>
    </entry>
</pathway>
