<?xml version="1.0"?>
<!DOCTYPE pathway SYSTEM "http://www.kegg.jp/kegg/xml/KGML_v0.7.1_.dtd">
<!-- Creation date: Aug 7, 2013 16:01:28 +0900 (GMT+09:00) -->
<pathway name="path:hsa05222" org="hsa" number="05222"
         title="Small cell lung cancer"
         image="http://www.kegg.jp/kegg/pathway/hsa/hsa05222.png"
         link="http://www.kegg.jp/kegg-bin/show_pathway?hsa05222">
    <entry id="1" name="path:hsa04115" type="map"
        link="http://www.kegg.jp/dbget-bin/www_bget?hsa04115">
        <graphics name="p53 signaling pathway" fgcolor="#000000" bgcolor="#FFFFFF"
             type="roundrectangle" x="626" y="176" width="102" height="34"/>
    </entry>
    <entry id="2" name="hsa:898 hsa:9134" type="gene"
        link="http://www.kegg.jp/dbget-bin/www_bget?hsa:898+hsa:9134">
        <graphics name="CCNE1, CCNE..." fgcolor="#000000" bgcolor="#BFFFBF"
             type="rectangle" x="907" y="303" width="46" height="17"/>
    </entry>
    <entry id="3" name="hsa:1017" type="gene"
        link="http://www.kegg.jp/dbget-bin/www_bget?hsa:1017">
        <graphics name="CDK2, CDKN2, p33(CDK2)" fgcolor="#000000" bgcolor="#BFFFBF"
             type="rectangle" x="907" y="286" width="46" height="17"/>
    </entry>
    <entry id="4" name="hsa:595" type="gene"
        link="http://www.kegg.jp/dbget-bin/www_bget?hsa:595">
        <graphics name="CCND1, BCL1, D11S287E, PRAD1, U21B31" fgcolor="#000000" bgcolor="#BFFFBF"
             type="rectangle" x="846" y="247" width="46" height="17"/>
    </entry>
    <entry id="5" name="path:hsa04210" type="map"
        link="http://www.kegg.jp/dbget-bin/www_bget?hsa04210">
        <graphics name="Apoptosis" fgcolor="#000000" bgcolor="#FFFFFF"
             type="roundrectangle" x="590" y="248" width="102" height="34"/>
    </entry>
    <entry id="6" name="path:hsa04512" type="map"
        link="http://www.kegg.jp/dbget-bin/www_bget?hsa04512">
        <graphics name="ECM-receptor interaction" fgcolor="#000000" bgcolor="#FFFFFF"
             type="roundrectangle" x="144" y="482" width="102" height="34"/>
    </entry>
    <entry id="7" name="path:hsa04510" type="map"
        link="http://www.kegg.jp/dbget-bin/www_bget?hsa04510">
        <graphics name="Focal adhesion" fgcolor="#000000" bgcolor="#FFFFFF"
             type="roundrectangle" x="308" y="578" width="102" height="34"/>
    </entry>
    <entry id="8" name="hsa:3688" type="gene"
        link="http://www.kegg.jp/dbget-bin/www_bget?hsa:3688">
        <graphics name="ITGB1, CD29, FNRB, GPIIA, MDF2, MSK12, VLA-BETA, VLAB" fgcolor="#000000" bgcolor="#BFFFBF"
             type="rectangle" x="223" y="536" width="46" height="17"/>
    </entry>
    <entry id="9" name="hsa:3655 hsa:3673 hsa:3674 hsa:3675 hsa:3685" type="gene"
        link="http://www.kegg.jp/dbget-bin/www_bget?hsa:3655+hsa:3673+hsa:3674+hsa:3675+hsa:3685">
        <graphics name="ITGA6, CD49f, ITGA6B, VLA-6..." fgcolor="#000000" bgcolor="#BFFFBF"
             type="rectangle" x="223" y="519" width="46" height="17"/>
    </entry>
    <entry id="10" name="hsa:9063" type="gene"
        link="http://www.kegg.jp/dbget-bin/www_bget?hsa:9063">
        <graphics name="PIAS2, ARIP3, DIP, MIZ, MIZ1, PIASX, PIASX-ALPHA, PIASX-BETA, SIZ2, ZMIZ4" fgcolor="#000000" bgcolor="#BFFFBF"
             type="rectangle" x="759" y="364" width="46" height="17"/>
    </entry>
    <entry id="11" name="cpd:C05981" type="compound"
        link="http://www.kegg.jp/dbget-bin/www_bget?C05981">
        <graphics name="C05981" fgcolor="#000000" bgcolor="#FFFFFF"
             type="circle" x="422" y="528" width="8" height="8"/>
    </entry>
    <entry id="12" name="cpd:C00777 cpd:C15493" type="compound"
        link="http://www.kegg.jp/dbget-bin/www_bget?C00777+C15493">
        <graphics name="C00777..." fgcolor="#000000" bgcolor="#FFFFFF"
             type="circle" x="628" y="120" width="8" height="8"/>
    </entry>
    <entry id="13" name="hsa:1027" type="gene"
        link="http://www.kegg.jp/dbget-bin/www_bget?hsa:1027">
        <graphics name="CDKN1B, CDKN4, KIP1, MEN1B, MEN4, P27KIP1" fgcolor="#000000" bgcolor="#BFFFBF"
             type="rectangle" x="845" y="285" width="46" height="17"/>
    </entry>
    <entry id="14" name="hsa:6256 hsa:6257 hsa:6258" type="gene"
        link="http://www.kegg.jp/dbget-bin/www_bget?hsa:6256+hsa:6257+hsa:6258">
        <graphics name="RXRA, NR2B1..." fgcolor="#000000" bgcolor="#BFFFBF"
             type="rectangle" x="844" y="129" width="46" height="17"/>
    </entry>
    <entry id="15" name="hsa:5915" type="gene"
        link="http://www.kegg.jp/dbget-bin/www_bget?hsa:5915">
        <graphics name="RARB, HAP, MCOPS12, NR1B2, RRB2" fgcolor="#000000" bgcolor="#BFFFBF"
             type="rectangle" x="844" y="112" width="46" height="17"/>
    </entry>
    <entry id="16" name="hsa:7157" type="gene"
        link="http://www.kegg.jp/dbget-bin/www_bget?hsa:7157">
        <graphics name="TP53, BCC7, LFS1, P53, TRP53" fgcolor="#000000" bgcolor="#BFFFBF"
             type="rectangle" x="844" y="177" width="46" height="17"/>
    </entry>
    <entry id="17" name="hsa:10000 hsa:207 hsa:208" type="gene"
        link="http://www.kegg.jp/dbget-bin/www_bget?hsa:10000+hsa:207+hsa:208">
        <graphics name="AKT3, MPPH, PKB-GAMMA, PKBG, PRKBG, RAC-PK-gamma, RAC-gamma, STK-2..." fgcolor="#000000" bgcolor="#BFFFBF"
             type="rectangle" x="473" y="528" width="46" height="17"/>
    </entry>
    <entry id="18" name="hsa:1163 hsa:1164" type="gene"
        link="http://www.kegg.jp/dbget-bin/www_bget?hsa:1163+hsa:1164">
        <graphics name="CKS1B, CKS1, PNAS-16, PNAS-18, ckshs1..." fgcolor="#000000" bgcolor="#BFFFBF"
             type="rectangle" x="832" y="369" width="46" height="17"/>
    </entry>
    <entry id="19" name="hsa:842" type="gene"
        link="http://www.kegg.jp/dbget-bin/www_bget?hsa:842">
        <graphics name="CASP9, APAF-3, APAF3, ICE-LAP6, MCH6, PPP1R56" fgcolor="#000000" bgcolor="#BFFFBF"
             type="rectangle" x="599" y="293" width="46" height="17"/>
    </entry>
    <entry id="20" name="hsa:317" type="gene"
        link="http://www.kegg.jp/dbget-bin/www_bget?hsa:317">
        <graphics name="APAF1, APAF-1, CED4" fgcolor="#000000" bgcolor="#BFFFBF"
             type="rectangle" x="485" y="307" width="46" height="17"/>
    </entry>
    <entry id="21" name="hsa:4149" type="gene"
        link="http://www.kegg.jp/dbget-bin/www_bget?hsa:4149">
        <graphics name="MAX, bHLHd4" fgcolor="#000000" bgcolor="#BFFFBF"
             type="rectangle" x="779" y="463" width="46" height="17"/>
    </entry>
    <entry id="22" name="hsa:4609" type="gene"
        link="http://www.kegg.jp/dbget-bin/www_bget?hsa:4609">
        <graphics name="MYC, MRTL, MYCC, bHLHe39, c-Myc" fgcolor="#000000" bgcolor="#BFFFBF"
             type="rectangle" x="779" y="446" width="46" height="17"/>
    </entry>
    <entry id="23" name="hsa:5728" type="gene"
        link="http://www.kegg.jp/dbget-bin/www_bget?hsa:5728">
        <graphics name="PTEN, 10q23del, BZS, CWS1, DEC, GLM2, MHAM, MMAC1, PTEN1, TEP1" fgcolor="#000000" bgcolor="#BFFFBF"
             type="rectangle" x="393" y="576" width="46" height="17"/>
    </entry>
    <entry id="24" name="hsa:23533 hsa:5290 hsa:5291 hsa:5293 hsa:5294 hsa:5295 hsa:5296 hsa:8503" type="gene"
        link="http://www.kegg.jp/dbget-bin/www_bget?hsa:23533+hsa:5290+hsa:5291+hsa:5293+hsa:5294+hsa:5295+hsa:5296+hsa:8503">
        <graphics name="PIK3R5, F730038I15Rik, FOAP-2, P101-PI3K, p101..." fgcolor="#000000" bgcolor="#BFFFBF"
             type="rectangle" x="366" y="528" width="46" height="17"/>
    </entry>
    <entry id="25" name="hsa:5747" type="gene"
        link="http://www.kegg.jp/dbget-bin/www_bget?hsa:5747">
        <graphics name="PTK2, FADK, FAK, FAK1, FRNK, PPP1R71, p125FAK, pp125FAK" fgcolor="#000000" bgcolor="#BFFFBF"
             type="rectangle" x="295" y="528" width="46" height="17"/>
    </entry>
    <entry id="26" name="hsa:2272" type="gene"
        link="http://www.kegg.jp/dbget-bin/www_bget?hsa:2272">
        <graphics name="FHIT, AP3Aase, FRA3B" fgcolor="#000000" bgcolor="#BFFFBF"
             type="rectangle" x="284" y="145" width="46" height="17"/>
    </entry>
    <entry id="27" name="hsa:54205" type="gene"
        link="http://www.kegg.jp/dbget-bin/www_bget?hsa:54205">
        <graphics name="CYCS, CYC, HCS, THC4" fgcolor="#000000" bgcolor="#BFFFBF"
             type="rectangle" x="484" y="277" width="46" height="17"/>
    </entry>
    <entry id="28" name="hsa:10319 hsa:1282 hsa:1284 hsa:1285 hsa:1286 hsa:1287 hsa:1288 hsa:22798 hsa:2335 hsa:284217 hsa:3908 hsa:3909 hsa:3910 hsa:3911 hsa:3912 hsa:3913 hsa:3914 hsa:3915 hsa:3918" type="gene"
        link="http://www.kegg.jp/dbget-bin/www_bget?hsa:10319+hsa:1282+hsa:1284+hsa:1285+hsa:1286+hsa:1287+hsa:1288+hsa:22798+hsa:2335+hsa:284217+hsa:3908+hsa:3909+hsa:3910+hsa:3911+hsa:3912+hsa:3913+hsa:3914+hsa:3915+hsa:3918">
        <graphics name="LAMC3, OCCM..." fgcolor="#000000" bgcolor="#BFFFBF"
             type="rectangle" x="145" y="528" width="46" height="17"/>
    </entry>
    <entry id="29" name="path:hsa05222" type="map"
        link="http://www.kegg.jp/dbget-bin/www_bget?hsa05222">
        <graphics name="TITLE:Small cell lung cancer" fgcolor="#000000" bgcolor="#FFFFFF"
             type="roundrectangle" x="153" y="58" width="225" height="25"/>
    </entry>
    <entry id="30" name="path:hsa04210" type="map"
        link="http://www.kegg.jp/dbget-bin/www_bget?hsa04210">
        <graphics name="Apoptosis" fgcolor="#000000" bgcolor="#FFFFFF"
             type="roundrectangle" x="1091" y="540" width="102" height="34"/>
    </entry>
    <entry id="31" name="path:hsa04110" type="map"
        link="http://www.kegg.jp/dbget-bin/www_bget?hsa04110">
        <graphics name="Cell cycle" fgcolor="#000000" bgcolor="#FFFFFF"
             type="roundrectangle" x="1079" y="272" width="102" height="34"/>
    </entry>
    <entry id="32" name="hsa:112401 hsa:329 hsa:330 hsa:331 hsa:79444" type="gene"
        link="http://www.kegg.jp/dbget-bin/www_bget?hsa:112401+hsa:329+hsa:330+hsa:331+hsa:79444">
        <graphics name="BIRC8, ILP-2, ILP2, hILP2..." fgcolor="#000000" bgcolor="#BFFFBF"
             type="rectangle" x="877" y="519" width="46" height="17"/>
    </entry>
    <entry id="33" name="hsa:596" type="gene"
        link="http://www.kegg.jp/dbget-bin/www_bget?hsa:596">
        <graphics name="BCL2, Bcl-2, PPP1R50" fgcolor="#000000" bgcolor="#BFFFBF"
             type="rectangle" x="420" y="238" width="46" height="17"/>
    </entry>
    <entry id="34" name="hsa:595" type="gene"
        link="http://www.kegg.jp/dbget-bin/www_bget?hsa:595">
        <graphics name="CCND1, BCL1, D11S287E, PRAD1, U21B31" fgcolor="#000000" bgcolor="#BFFFBF"
             type="rectangle" x="877" y="484" width="46" height="17"/>
    </entry>
    <entry id="35" name="hsa:4843" type="gene"
        link="http://www.kegg.jp/dbget-bin/www_bget?hsa:4843">
        <graphics name="NOS2, HEP-NOS, INOS, NOS, NOS2A" fgcolor="#000000" bgcolor="#BFFFBF"
             type="rectangle" x="877" y="622" width="46" height="17"/>
    </entry>
    <entry id="36" name="hsa:5743" type="gene"
        link="http://www.kegg.jp/dbget-bin/www_bget?hsa:5743">
        <graphics name="PTGS2, COX-2, COX2, GRIPGHS, PGG/HS, PGHS-2, PHS-2, hCox-2" fgcolor="#000000" bgcolor="#BFFFBF"
             type="rectangle" x="877" y="600" width="46" height="17"/>
    </entry>
    <entry id="37" name="hsa:1147 hsa:3551 hsa:8517" type="gene"
        link="http://www.kegg.jp/dbget-bin/www_bget?hsa:1147+hsa:3551+hsa:8517">
        <graphics name="CHUK, IKBKA, IKK-alpha, IKK1, IKKA, NFKBIKA, TCF16..." fgcolor="#000000" bgcolor="#BFFFBF"
             type="rectangle" x="548" y="528" width="46" height="17"/>
    </entry>
    <entry id="38" name="hsa:4792" type="gene"
        link="http://www.kegg.jp/dbget-bin/www_bget?hsa:4792">
        <graphics name="NFKBIA, IKBA, MAD-3, NFKBI" fgcolor="#000000" bgcolor="#BFFFBF"
             type="rectangle" x="622" y="528" width="46" height="17"/>
    </entry>
    <entry id="39" name="hsa:598" type="gene"
        link="http://www.kegg.jp/dbget-bin/www_bget?hsa:598">
        <graphics name="BCL2L1, BCL-XL/S, BCL2L, BCLX, BCLXL, BCLXS, Bcl-X, PPP1R52, bcl-xL, bcl-xS" fgcolor="#000000" bgcolor="#BFFFBF"
             type="rectangle" x="877" y="541" width="46" height="17"/>
    </entry>
    <entry id="40" name="hsa:7185 hsa:7186 hsa:7187 hsa:7188 hsa:7189 hsa:9618" type="gene"
        link="http://www.kegg.jp/dbget-bin/www_bget?hsa:7185+hsa:7186+hsa:7187+hsa:7188+hsa:7189+hsa:9618">
        <graphics name="TRAF1, EBI6, MGC:10353..." fgcolor="#000000" bgcolor="#BFFFBF"
             type="rectangle" x="877" y="563" width="46" height="17"/>
    </entry>
    <entry id="41" name="hsa:1869 hsa:1870 hsa:1871" type="gene"
        link="http://www.kegg.jp/dbget-bin/www_bget?hsa:1869+hsa:1870+hsa:1871">
        <graphics name="E2F1, E2F-1, RBAP1, RBBP3, RBP3..." fgcolor="#000000" bgcolor="#BFFFBF"
             type="rectangle" x="985" y="332" width="46" height="17"/>
    </entry>
    <entry id="42" name="hsa:1019 hsa:1021" type="gene"
        link="http://www.kegg.jp/dbget-bin/www_bget?hsa:1019+hsa:1021">
        <graphics name="CDK4, CMM3, PSK-J3..." fgcolor="#000000" bgcolor="#BFFFBF"
             type="rectangle" x="846" y="230" width="46" height="17"/>
    </entry>
    <entry id="43" name="hsa:4790 hsa:5970" type="gene"
        link="http://www.kegg.jp/dbget-bin/www_bget?hsa:4790+hsa:5970">
        <graphics name="NFKB1, EBP-1, KBF1, NF-kB1, NF-kappa-B, NF-kappaB, NFKB-p105, NFKB-p50, NFkappaB, p105, p50..." fgcolor="#000000" bgcolor="#BFFFBF"
             type="rectangle" x="622" y="561" width="46" height="17"/>
    </entry>
    <entry id="44" name="hsa:5925" type="gene"
        link="http://www.kegg.jp/dbget-bin/www_bget?hsa:5925">
        <graphics name="RB1, OSRC, PPP1R130, RB, p105-Rb, pRb, pp110" fgcolor="#000000" bgcolor="#BFFFBF"
             type="rectangle" x="985" y="295" width="46" height="17"/>
    </entry>
    <entry id="45" name="hsa:6502" type="gene"
        link="http://www.kegg.jp/dbget-bin/www_bget?hsa:6502">
        <graphics name="SKP2, FBL1, FBXL1, FLB1, p45" fgcolor="#000000" bgcolor="#BFFFBF"
             type="rectangle" x="837" y="326" width="46" height="17"/>
    </entry>
    <entry id="46" name="hsa:1030" type="gene"
        link="http://www.kegg.jp/dbget-bin/www_bget?hsa:1030">
        <graphics name="CDKN2B, CDK4I, INK4B, MTS2, P15, TP15, p15INK4b" fgcolor="#000000" bgcolor="#BFFFBF"
             type="rectangle" x="745" y="229" width="46" height="17"/>
    </entry>
    <entry id="47" name="path:hsa04151" type="map"
        link="http://www.kegg.jp/dbget-bin/www_bget?hsa04151">
        <graphics name="PI3K-Akt signaling pathway" fgcolor="#000000" bgcolor="#FFFFFF"
             type="roundrectangle" x="497" y="578" width="102" height="34"/>
    </entry>
    <entry id="48" name="undefined" type="group">
        <graphics fgcolor="#000000" bgcolor="#FFFFFF"
             type="rectangle" x="223" y="527" width="46" height="34"/>
        <component id="8"/>
        <component id="9"/>
    </entry>
    <entry id="49" name="undefined" type="group">
        <graphics fgcolor="#000000" bgcolor="#FFFFFF"
             type="rectangle" x="846" y="238" width="46" height="34"/>
        <component id="4"/>
        <component id="42"/>
    </entry>
    <entry id="50" name="undefined" type="group">
        <graphics fgcolor="#000000" bgcolor="#FFFFFF"
             type="rectangle" x="907" y="294" width="46" height="34"/>
        <component id="2"/>
        <component id="3"/>
    </entry>
    <entry id="51" name="undefined" type="group">
        <graphics fgcolor="#000000" bgcolor="#FFFFFF"
             type="rectangle" x="779" y="454" width="46" height="34"/>
        <component id="21"/>
        <component id="22"/>
    </entry>
    <entry id="52" name="undefined" type="group">
        <graphics fgcolor="#000000" bgcolor="#FFFFFF"
             type="rectangle" x="844" y="120" width="46" height="34"/>
        <component id="14"/>
        <component id="15"/>
    </entry>
    <relation entry1="24" entry2="17" type="PPrel">
        <subtype name="compound" value="11"/>
    </relation>
    <relation entry1="18" entry2="45" type="PPrel">
        <subtype name="activation" value="--&gt;"/>
    </relation>
    <relation entry1="28" entry2="48" type="PPrel">
        <subtype name="activation" value="--&gt;"/>
    </relation>
    <relation entry1="48" entry2="25" type="PPrel">
        <subtype name="activation" value="--&gt;"/>
    </relation>
    <relation entry1="25" entry2="24" type="PPrel">
        <subtype name="activation" value="--&gt;"/>
    </relation>
    <relation entry1="17" entry2="37" type="PPrel">
        <subtype name="activation" value="--&gt;"/>
        <subtype name="phosphorylation" value="+p"/>
    </relation>
    <relation entry1="37" entry2="38" type="PPrel">
        <subtype name="activation" value="--&gt;"/>
        <subtype name="phosphorylation" value="+p"/>
    </relation>
    <relation entry1="49" entry2="44" type="PPrel">
        <subtype name="activation" value="--&gt;"/>
        <subtype name="phosphorylation" value="+p"/>
    </relation>
    <relation entry1="50" entry2="44" type="PPrel">
        <subtype name="activation" value="--&gt;"/>
        <subtype name="phosphorylation" value="+p"/>
    </relation>
    <relation entry1="10" entry2="46" type="GErel">
        <subtype name="expression" value="--&gt;"/>
    </relation>
    <relation entry1="51" entry2="49" type="GErel">
        <subtype name="expression" value="--&gt;"/>
    </relation>
    <relation entry1="43" entry2="34" type="GErel">
        <subtype name="expression" value="--&gt;"/>
    </relation>
    <relation entry1="43" entry2="32" type="GErel">
        <subtype name="expression" value="--&gt;"/>
    </relation>
    <relation entry1="43" entry2="39" type="GErel">
        <subtype name="expression" value="--&gt;"/>
    </relation>
    <relation entry1="43" entry2="40" type="GErel">
        <subtype name="expression" value="--&gt;"/>
    </relation>
    <relation entry1="43" entry2="36" type="GErel">
        <subtype name="expression" value="--&gt;"/>
    </relation>
    <relation entry1="43" entry2="35" type="GErel">
        <subtype name="expression" value="--&gt;"/>
    </relation>
    <relation entry1="45" entry2="13" type="PPrel">
        <subtype name="inhibition" value="--|"/>
    </relation>
    <relation entry1="13" entry2="50" type="PPrel">
        <subtype name="inhibition" value="--|"/>
    </relation>
    <relation entry1="41" entry2="44" type="PPrel">
        <subtype name="dissociation" value="-+-"/>
    </relation>
    <relation entry1="38" entry2="43" type="PPrel">
        <subtype name="dissociation" value="-+-"/>
    </relation>
    <relation entry1="51" entry2="18" type="GErel">
        <subtype name="expression" value="--&gt;"/>
    </relation>
    <relation entry1="46" entry2="49" type="PPrel">
        <subtype name="inhibition" value="--|"/>
    </relation>
    <relation entry1="12" entry2="52" type="PCrel">
        <subtype name="missing interaction" value="-/-"/>
    </relation>
    <relation entry1="27" entry2="19" type="PPrel">
        <subtype name="missing interaction" value="-/-"/>
    </relation>
    <relation entry1="20" entry2="19" type="PPrel">
        <subtype name="missing interaction" value="-/-"/>
    </relation>
    <relation entry1="23" entry2="11" type="PCrel">
        <subtype name="missing interaction" value="-/-"/>
    </relation>
    <relation entry1="51" entry2="10" type="PPrel">
        <subtype name="inhibition" value="--|"/>
    </relation>
</pathway>
